{
  "train_residual": 0.015993714332580566,
  "train_seconds": 67.4594886302948,
  "W_shape": [
    50,
    16
  ],
  "b_shape": [
    50
  ],
  "norms": {
    "spectral": 5.192593196977635,
    "frobenius": 5.861234967249121,
    "inf": 6.588398679356487,
    "frobenius_over_sqrt_n": 0.828903798293913
  }
}