comparison,n11,n10,n01,n00,discordant,p_value
B2_vs_B0,9,0,13,148,13,0.000244141
B3_vs_B0,3,6,29,132,35,0.000116842